1.1,1.2,1.3,1.4,1.5,2.1,2.2,2.3,2.4,3.1,3.2,3.3,4.1,4.2,4.3,5.1,5.2,5.3,1,3,2,5,4,index,t1A.A,t2A,t3A,t3B,t4A,t5A,t6A,t7A,t7B,t8A,t9A,iso2
100.0,50.0,0.0,84.4,86.935,33.3,96.0,73.2,100.0,89.6,83.25,92.3,68.4,77.7,96.3,66.5,66.5,33.3,64.267,88.3833,75.625,55.4333,80.8,72.9017,68.4,100,83.0745,72.0317,55.5333,76.1429,71.1,75,75.5983,66.6667,0,CL
100.0,100.0,100.0,84.4,86.553,25.6,50.0,37.5,100.0,97.4,58.3,77.8,100.0,44.3,80.6,66.5,92.7,66.0,94.1906,77.8333,53.275,75.0667,74.9667,75.0665,58.25,100,67.5464,64,82.1222,90.4286,84.94,100,62.94,100,100,NG
91.5,100.0,100.0,90.6,83.406,13.3,88.4,26.3,100.0,98.1,91.5,93.1,100.0,77.7,85.1,83.0,98.0,44.3,93.1012,94.2333,57.0,75.1,87.6,81.4069,73.272,100,,91.8333,82.12,95.1429,95.81,100,73.2667,100,100,PH
87.5,62.5,100.0,81.3,89.576,13.9,71.8,60.8,27.0,99.1,50.0,89.7,100.0,33.3,80.3,66.5,25.0,33.3,84.1752,79.6,43.375,41.6,71.2,63.99,83.25,100,63.1775,43.6833,52.6316,90.4286,72.03,75,72.5367,100,100,TZ
91.5,62.5,0.0,59.4,87.012,23.5,91.0,54.9,100.0,73.1,73.5,89.4,94.7,66.6,75.8,66.5,100.0,33.3,60.0824,78.6667,67.35,66.6,79.0333,70.3465,58.25,100,82.0308,79.25,50,79.7143,74.45,62.5,77.1933,100,100,ZW
19,4,16,73,13,64,79,6,78,75,59,12,14,76,84,87,88,6,25.0,48.0,56.0,60.0,58.0,49.4,70,53,84,15,71,55,20,12,42,45,45,BD
99,11,12,73,53,37,48,74,86,48,100,97,96,14,53,11,47,44,49.0,81.0,61.0,34.0,54.0,55.8,89,68,47,16,72,19,68,6,94,47,72,BE
31,90,11,51,55,91,83,66,8,26,45,71,76,15,2,31,23,24,47.0,47.0,62.0,26.0,31.0,42.6,17,94,15,59,85,42,93,71,100,11,25,BF
54,5,85,85,30,20,61,12,64,45,3,26,91,56,15,3,56,63,51.0,24.0,39.0,40.0,54.0,41.6,62,24,43,18,30,28,29,15,83,83,23,BG
80,16,72,26,6,13,31,50,88,29,20,64,51,46,71,66,12,100,40.0,37.0,45.0,59.0,56.0,47.4,90,17,69,23,10,88,70,42,99,32,55,BA
13,99,33,22,80,1,71,91,20,27,79,69,99,94,67,4,13,47,49.0,58.0,70.0,21.0,86.0,56.8,73,68,30,6,73,74,46,66,61,31,86,BB
93,29,36,9,92,28,61,99,27,85,82,58,15,95,56,62,10,50,51.0,75.0,53.0,40.0,55.0,54.8,100,48,89,94,75,43,87,85,93,91,82,WF
57,40,69,73,71,64,55,37,33,98,27,80,48,6,16,63,100,2,62.0,68.0,47.0,55.0,23.0,51.0,23,53,63,97,45,66,7,56,0,70,90,BL
29,85,22,16,64,43,38,74,61,36,67,55,72,70,0,84,61,35,43.0,52.0,54.0,60.0,47.0,51.2,17,83,100,43,61,57,83,35,99,31,87,BM
24,33,53,55,53,41,26,63,15,31,87,95,38,39,23,84,1,55,43.0,71.0,36.0,79.0,33.0,52.4,71,25,1,82,9,70,65,57,52,84,3,BN
86,65,70,26,32,85,51,26,96,55,55,57,4,31,48,32,51,76,55.0,55.0,64.0,53.0,27.0,50.8,65,12,91,71,81,93,5,87,16,82,11,BO
64,83,93,42,19,49,41,76,87,20,30,93,47,38,38,45,30,72,60.0,47.0,63.0,49.0,41.0,52.0,25,63,66,16,97,3,40,77,66,19,19,BH
37,61,96,91,61,52,35,99,49,16,18,47,83,9,76,66,0,6,69.0,27.0,58.0,24.0,56.0,46.8,85,88,7,96,92,94,23,0,22,44,21,BI
72,71,87,35,55,81,93,69,70,49,83,94,15,30,18,81,38,48,64.0,75.0,78.0,55.0,21.0,58.6,95,72,47,67,26,64,34,37,89,81,30,BJ
9,76,76,5,49,82,90,92,52,98,33,38,75,98,70,66,46,74,43.0,56.0,79.0,62.0,81.0,64.2,29,39,78,69,88,68,81,17,43,65,35,BT
45,100,86,24,73,82,72,90,28,40,94,85,88,42,12,19,59,57,65.0,73.0,68.0,45.0,47.0,59.6,10,77,86,21,83,36,82,67,58,70,53,JM
63,40,84,96,37,79,28,28,31,7,68,50,38,85,100,81,58,54,64.0,41.0,41.0,64.0,74.0,56.8,32,86,32,100,43,76,99,93,37,89,7,BW
10,80,96,70,48,87,31,44,31,80,29,18,85,12,15,4,62,45,60.0,42.0,48.0,37.0,37.0,44.8,97,78,78,53,27,94,1,17,8,87,6,WS
96,82,84,61,99,100,28,34,33,87,19,88,63,93,20,85,69,1,84.0,64.0,48.0,84.0,58.0,67.6,52,16,26,34,6,39,83,13,89,30,42,BQ
46,60,45,58,14,14,81,69,94,28,95,83,16,41,92,42,56,28,44.0,68.0,64.0,42.0,49.0,53.4,92,47,15,61,36,75,52,84,22,0,86,BR
38,17,52,14,48,77,20,32,12,76,74,99,93,68,43,57,56,70,33.0,83.0,35.0,61.0,68.0,56.0,69,56,52,36,39,55,40,70,28,11,55,BS
86,27,3,23,1,28,90,33,68,100,47,2,43,66,66,71,10,83,47.0,49.0,54.0,54.0,58.0,52.4,84,40,71,67,5,79,83,78,66,25,54,JE
12,28,67,89,12,96,77,99,10,38,96,8,64,40,48,80,65,2,41.0,47.0,70.0,49.0,50.0,51.4,23,77,42,51,90,65,24,28,95,1,7,BY
68,72,35,82,49,81,77,73,35,98,17,85,40,34,82,61,37,60,61.0,66.0,66.0,52.0,52.0,59.4,34,70,87,79,37,83,58,43,97,94,66,BZ
20,62,64,29,74,40,93,93,88,4,93,13,80,15,92,35,22,89,49.0,36.0,78.0,48.0,62.0,54.6,77,82,80,29,94,81,86,41,43,15,15,RU
64,10,50,39,7,82,27,97,63,24,64,13,65,86,62,22,35,62,34.0,33.0,67.0,39.0,71.0,48.8,6,32,77,37,58,47,20,59,39,25,4,RW
45,14,95,43,79,99,31,66,89,4,89,21,36,30,19,58,4,65,55.0,38.0,71.0,42.0,28.0,46.8,81,30,21,19,32,84,97,43,50,100,42,RS
10,30,14,44,41,68,48,33,3,81,39,45,21,1,36,100,37,60,27.0,55.0,38.0,65.0,52.0,47.4,23,0,36,93,77,7,64,72,99,70,88,TL
80,5,34,51,99,87,51,74,0,28,34,2,73,29,11,80,41,68,53.0,21.0,53.0,63.0,37.0,45.4,94,21,3,92,56,57,36,69,12,34,81,RE
11,76,37,41,54,6,42,51,6,37,14,61,42,57,51,47,25,52,43.0,37.0,26.0,41.0,50.0,39.4,17,54,94,80,79,87,20,87,52,28,1,TM
1,10,7,12,84,46,78,68,78,52,64,70,91,92,38,38,64,0,42.0,62.0,67.0,34.0,73.0,55.6,34,16,18,80,51,37,7,2,88,84,82,TJ
90,70,87,14,85,17,14,47,71,44,7,83,29,10,20,64,24,85,69.0,44.0,37.0,57.0,19.0,45.2,96,30,55,75,17,81,10,31,37,31,61,RO
29,2,44,56,7,18,25,83,54,89,58,27,93,78,45,97,78,33,27.0,58.0,45.0,69.0,72.0,54.2,42,80,99,39,54,25,92,21,14,9,100,TK
55,83,64,73,36,54,48,63,75,56,76,34,74,21,20,16,65,84,62.0,55.0,60.0,55.0,38.0,54.0,57,11,32,48,8,53,78,9,41,37,62,GW
79,10,41,26,73,43,65,20,63,84,80,6,8,26,93,32,15,19,45.0,56.0,47.0,22.0,42.0,42.4,95,48,72,57,38,55,40,58,28,12,48,GU
9,43,11,36,7,69,67,23,77,5,88,24,55,74,38,75,92,5,21.0,39.0,59.0,57.0,55.0,46.2,96,76,46,28,15,51,80,65,23,4,12,GT
77,57,71,7,7,73,70,71,74,80,0,57,32,21,68,75,13,47,43.0,45.0,72.0,45.0,40.0,49.0,58,41,91,2,89,31,19,25,51,69,76,GS
93,45,3,55,49,9,27,46,39,41,23,86,79,100,7,68,91,60,49.0,50.0,30.0,73.0,62.0,52.8,7,54,59,11,28,18,87,29,90,51,73,GR
92,46,86,47,28,78,99,24,98,9,76,90,64,30,85,80,84,16,59.0,58.0,74.0,60.0,59.0,62.0,86,36,20,11,8,31,45,49,11,73,94,GQ
59,87,89,41,47,30,32,2,85,46,4,8,24,8,42,58,63,59,64.0,19.0,37.0,60.0,24.0,40.8,98,71,30,34,8,69,61,62,27,24,27,GP
56,31,97,56,40,20,14,98,45,46,54,34,36,49,67,30,60,45,56.0,44.0,44.0,45.0,50.0,47.8,14,44,35,15,59,70,16,71,43,18,79,JP
12,75,93,62,52,85,100,43,73,40,32,17,71,27,13,98,61,62,58.0,29.0,75.0,73.0,37.0,54.4,35,63,66,46,53,6,59,57,2,85,43,GY
79,65,18,51,43,7,80,1,54,81,36,57,91,27,48,87,66,33,51.0,58.0,60.0,62.0,55.0,57.2,28,56,75,53,44,31,5,31,4,90,80,GG
36,14,40,98,54,62,66,54,96,21,2,100,56,54,41,79,1,22,48.0,41.0,69.0,67.0,50.0,55.0,10,35,54,56,49,60,3,86,34,7,82,GF
17,50,77,39,26,56,89,81,67,50,18,54,17,93,51,65,27,58,41.0,40.0,73.0,50.0,53.0,51.4,64,14,26,80,27,45,29,63,13,65,64,GE
14,26,38,33,38,10,23,14,99,40,73,53,9,11,88,82,5,50,29.0,55.0,36.0,45.0,36.0,40.2,45,69,18,15,73,88,65,75,33,49,70,GD
88,9,87,27,0,79,84,31,30,89,69,79,40,64,78,70,66,96,42.0,79.0,56.0,77.0,60.0,62.8,93,32,93,8,24,97,39,22,50,5,75,GB
28,36,32,40,37,70,16,48,97,30,78,27,68,81,90,1,56,30,34.0,45.0,57.0,62.0,79.0,55.4,50,74,20,86,8,42,67,86,61,85,10,GA
3,44,59,62,41,100,81,31,47,60,41,71,45,97,99,25,15,41,41.0,57.0,64.0,27.0,80.0,53.8,77,4,68,21,20,34,2,74,33,89,2,SV
18,90,54,0,52,80,11,43,81,29,83,15,4,63,1,98,61,81,42.0,42.0,53.0,80.0,55.0,54.4,2,21,92,65,63,75,90,98,52,51,47,GN
63,83,30,96,45,63,68,7,75,49,55,49,40,80,93,43,73,72,63.0,51.0,53.0,62.0,71.0,60.0,90,75,84,54,14,74,29,82,68,5,9,GM
28,31,31,52,3,74,65,43,18,31,0,66,21,60,78,25,34,95,29.0,32.0,50.0,51.0,53.0,43.0,72,12,5,41,14,85,74,92,80,74,67,GL
37,32,40,56,44,62,78,39,12,78,10,96,28,64,55,43,50,44,41.0,61.0,47.0,45.0,49.0,48.6,70,87,0,87,13,30,2,18,91,29,40,GI
90,85,50,100,94,81,90,32,9,8,78,51,77,85,56,4,14,20,83.0,45.0,53.0,12.0,72.0,53.0,68,80,26,28,30,81,38,89,75,31,73,GH
40,59,10,13,26,66,76,22,44,66,97,23,74,51,99,20,25,19,29.0,62.0,52.0,21.0,74.0,47.6,86,7,83,95,66,26,50,92,90,22,58,OM
83,54,19,18,11,66,46,16,27,77,2,96,54,88,8,55,26,17,37.0,58.0,38.0,32.0,50.0,43.0,43,10,21,8,4,27,85,12,88,4,87,TN
40,68,76,51,58,21,95,53,23,95,46,95,9,60,95,54,72,60,58.0,78.0,48.0,62.0,54.0,60.0,72,34,60,78,27,5,56,64,98,23,26,JO
54,44,3,7,38,9,48,84,48,45,67,88,28,93,88,13,17,43,29.0,66.0,47.0,24.0,69.0,47.0,24,34,67,72,9,36,8,37,81,16,1,HR
3,71,54,90,36,57,77,94,94,1,14,50,49,40,43,43,15,55,50.0,54.0,80.0,37.0,44.0,53.0,33,77,36,53,30,70,48,8,32,49,33,HT
100,3,48,45,14,73,69,9,97,65,42,67,96,57,67,4,88,1,42.0,58.0,62.0,64.0,73.0,59.8,74,39,84,82,20,52,75,26,43,12,37,HU
63,30,60,25,30,75,49,28,62,0,62,98,69,14,32,89,73,38,41.0,53.0,53.0,66.0,38.0,50.2,72,55,65,41,39,50,19,70,73,35,52,HK
96,69,13,98,61,56,11,38,67,18,52,22,31,88,37,41,64,76,67.0,30.0,43.0,60.0,52.0,50.4,64,23,37,80,60,3,89,55,56,15,60,HN
23,4,49,4,88,94,3,58,76,22,34,4,22,61,6,46,53,75,33.0,20.0,57.0,58.0,29.0,39.4,43,0,79,46,46,79,92,94,59,38,35,VE
77,90,75,23,29,34,11,30,65,57,93,60,34,21,17,89,44,32,58.0,70.0,35.0,55.0,24.0,48.4,25,52,90,63,43,86,63,8,92,88,51,PR
39,2,34,37,84,86,88,67,95,71,36,54,76,56,94,60,48,41,39.0,53.0,84.0,49.0,75.0,60.0,98,33,19,33,3,21,33,17,63,39,3,PS
28,49,28,42,78,10,30,35,10,54,51,68,83,33,34,79,83,17,45.0,57.0,21.0,59.0,50.0,46.4,70,10,63,56,54,44,90,34,68,94,12,PW
44,37,91,54,65,16,72,31,83,49,66,3,97,64,10,45,63,43,58.0,39.0,50.0,50.0,57.0,50.8,84,36,54,2,37,45,84,95,36,36,3,PT
13,47,63,7,75,66,48,44,21,59,40,91,11,3,71,9,55,76,41.0,63.0,44.0,46.0,28.0,44.4,40,14,82,14,99,14,79,0,65,30,78,PY
83,44,35,86,53,23,76,44,58,9,60,4,33,56,24,30,20,13,60.0,24.0,50.0,21.0,37.0,38.4,5,68,98,25,73,84,62,49,92,79,74,IQ
4,91,31,75,91,75,62,86,82,56,2,13,30,42,32,78,99,94,58.0,23.0,76.0,90.0,34.0,56.2,4,89,60,35,75,67,86,28,80,2,42,PA
63,92,14,59,84,8,35,54,16,4,14,81,87,52,47,96,91,97,62.0,33.0,28.0,94.0,62.0,55.8,98,58,89,47,31,87,73,45,98,96,61,PF
11,30,41,4,27,73,54,45,73,16,55,18,49,68,78,92,11,56,22.0,29.0,61.0,53.0,65.0,46.0,65,37,81,35,100,69,69,0,17,33,90,PG
68,99,64,31,29,31,69,58,45,57,67,76,49,93,38,80,57,19,58.0,66.0,50.0,52.0,60.0,57.2,17,54,56,53,73,60,51,15,73,77,53,PE
4,54,4,42,49,23,0,20,65,42,42,98,48,86,41,3,19,48,30.0,60.0,27.0,23.0,58.0,39.6,22,7,75,31,100,81,99,4,58,68,86,PK
0,33,75,66,12,44,26,41,55,38,96,11,79,68,0,82,74,79,37.0,48.0,41.0,78.0,49.0,50.6,76,73,87,10,56,57,5,100,22,96,90,PN
66,35,81,56,5,19,77,75,86,10,4,100,45,32,39,5,49,48,48.0,38.0,64.0,34.0,38.0,44.4,54,94,19,2,80,66,59,24,20,86,77,PL
22,79,43,11,2,33,32,48,27,29,86,93,43,3,80,52,65,51,31.0,69.0,35.0,56.0,42.0,46.6,42,0,0,60,2,67,9,96,12,63,50,PM
97,12,89,62,27,68,64,29,41,21,32,54,35,3,48,73,61,74,57.0,35.0,50.0,69.0,28.0,47.8,57,45,7,40,27,5,22,84,2,49,36,ZM
48,35,87,21,14,7,2,43,32,96,74,47,24,97,60,8,73,95,41.0,72.0,21.0,58.0,60.0,50.4,42,63,72,52,59,4,31,92,56,58,90,EH
24,99,55,47,51,66,39,97,72,6,63,66,15,73,49,99,5,86,55.0,45.0,68.0,63.0,45.0,55.2,43,29,72,46,88,38,64,51,6,46,73,EE
78,42,84,13,71,47,63,86,3,31,82,68,85,19,42,71,52,0,57.0,60.0,49.0,41.0,48.0,51.0,30,26,29,97,35,69,37,41,8,5,83,EG
86,76,64,68,60,29,38,23,27,97,89,79,18,50,25,30,61,42,70.0,88.0,29.0,44.0,31.0,52.4,77,67,40,77,97,50,90,49,17,35,29,ZA
0,32,65,74,77,64,24,50,11,35,56,59,20,40,53,55,18,74,49.0,50.0,37.0,49.0,37.0,44.4,26,22,54,73,57,46,13,69,24,13,22,EC
75,23,79,3,44,3,57,37,63,75,71,68,2,43,69,93,85,71,44.0,71.0,40.0,83.0,38.0,55.2,18,6,83,15,17,63,79,6,8,72,23,IT
27,29,53,74,41,42,51,64,87,27,6,11,17,62,80,75,80,2,44.0,14.0,61.0,52.0,53.0,44.8,22,88,65,66,56,95,5,95,53,23,74,VN
29,3,9,54,88,18,21,62,83,78,26,91,41,54,16,8,48,94,36.0,65.0,46.0,50.0,37.0,46.8,6,33,80,52,45,34,68,92,25,60,19,SB
0,94,90,87,51,58,98,21,56,60,23,41,36,90,68,93,35,2,64.0,41.0,58.0,43.0,64.0,54.0,53,89,90,71,26,1,85,34,81,98,11,ET
50,12,64,62,41,6,33,39,85,72,29,35,88,71,46,77,28,71,45.0,45.0,40.0,58.0,68.0,51.2,41,11,59,91,71,49,95,99,50,2,39,SO
51,6,88,14,95,34,22,52,92,52,14,64,70,56,89,37,16,84,50.0,43.0,50.0,45.0,71.0,51.8,78,65,7,40,83,25,16,66,90,89,23,SA
31,10,100,73,92,66,98,90,0,92,35,79,81,43,82,46,31,89,61.0,68.0,63.0,55.0,68.0,63.0,87,79,77,52,86,66,66,9,33,74,95,ES
14,88,91,38,26,15,9,36,16,43,65,7,13,37,90,95,49,100,51.0,38.0,19.0,81.0,46.0,47.0,40,78,71,66,91,39,36,69,73,72,33,ER
72,51,85,49,57,81,81,47,47,55,69,22,10,23,17,25,70,59,62.0,48.0,64.0,51.0,16.0,48.2,57,12,30,73,85,53,44,8,15,91,74,ME
92,51,98,64,28,77,48,88,86,7,64,51,20,63,5,99,25,38,66.0,40.0,74.0,54.0,29.0,52.6,74,73,33,33,76,97,40,57,10,88,38,MD
12,11,45,51,84,54,59,95,81,62,63,82,69,57,82,17,8,8,40.0,69.0,72.0,11.0,69.0,52.2,1,35,22,12,33,21,87,19,31,26,82,MG
57,41,83,90,85,56,6,36,45,27,6,27,54,73,46,11,88,28,71.0,20.0,35.0,42.0,57.0,45.0,69,78,73,57,81,94,47,83,6,20,32,MF
98,85,96,24,41,90,49,83,43,75,72,72,90,80,36,99,30,20,68.0,73.0,66.0,49.0,68.0,64.8,96,3,4,62,30,10,0,82,70,90,2,MA
59,65,67,43,5,76,94,23,79,73,77,31,5,89,85,61,47,43,47.0,60.0,68.0,50.0,59.0,56.8,33,3,33,2,87,61,28,44,67,30,49,MC
49,98,89,100,40,95,25,72,57,40,12,92,31,80,69,83,96,54,75.0,48.0,62.0,77.0,60.0,64.4,13,27,51,27,50,25,61,17,82,80,31,UZ
40,42,29,97,89,34,8,1,98,16,72,43,94,54,98,3,21,2,59.0,43.0,60.0,8.0,82.0,50.4,56,21,51,17,71,82,46,36,33,96,72,MM
10,86,53,94,99,49,83,34,73,88,54,90,56,12,0,22,58,76,68.0,77.0,59.0,52.0,22.0,55.6,39,5,45,82,15,13,80,24,63,68,66,ML
72,48,74,66,26,6,18,53,35,69,20,53,53,14,56,97,5,72,57.0,47.0,28.0,58.0,41.0,46.2,23,61,29,10,40,1,85,52,6,18,70,MO
13,28,72,51,54,11,83,68,82,74,22,8,27,17,43,70,54,36,43.0,34.0,61.0,53.0,29.0,44.0,87,59,69,40,47,42,24,32,79,74,45,MN
70,46,25,59,21,30,40,85,89,73,58,13,0,56,97,12,34,38,44.0,48.0,61.0,28.0,51.0,46.4,9,22,100,12,76,19,64,76,0,43,62,MH
91,76,85,36,22,92,33,0,55,85,6,71,15,52,0,6,11,27,62.0,54.0,45.0,14.0,22.0,39.4,35,94,70,36,6,42,49,96,66,60,92,MK
78,55,62,4,49,22,97,60,9,70,22,88,64,94,6,86,38,31,49.0,60.0,47.0,51.0,54.0,52.2,91,83,70,46,51,48,53,59,83,94,66,MU
41,27,10,12,59,4,57,81,69,10,22,79,70,78,68,89,13,58,29.0,37.0,52.0,53.0,72.0,48.6,46,88,11,40,48,56,92,84,15,3,61,MT
69,15,44,10,84,100,28,98,15,97,31,60,58,36,35,41,71,28,44.0,62.0,60.0,46.0,43.0,51.0,48,73,20,27,48,26,76,38,77,50,16,MW
67,44,28,28,28,37,57,90,60,68,14,42,64,68,41,60,24,98,39.0,41.0,61.0,60.0,57.0,51.6,5,79,14,46,60,0,17,28,94,21,79,MV
32,82,63,7,41,94,20,27,76,31,38,54,1,39,72,81,72,96,45.0,41.0,54.0,83.0,70.0,58.6,51,70,16,88,45,8,12,55,18,50,86,MQ
21,77,64,46,16,92,84,34,36,28,4,60,65,78,39,42,42,100,44.0,30.0,61.0,61.0,60.0,51.2,54,69,1,11,13,4,36,15,11,46,54,MP
86,24,18,32,76,33,11,9,5,5,35,57,2,90,52,29,33,53,47.0,32.0,14.0,38.0,48.0,35.8,85,42,63,26,38,72,73,70,47,57,57,MS
59,45,87,34,82,57,78,40,85,14,49,1,35,89,90,79,50,22,61.0,54.0,65.0,50.0,71.0,60.2,42,75,99,81,91,13,90,69,97,97,91,MR
92,53,100,87,91,27,3,42,84,22,76,97,45,84,42,90,84,34,84.0,65.0,39.0,69.0,57.0,62.8,9,96,55,80,48,100,15,45,5,66,59,IM
25,70,40,1,40,79,47,43,67,51,44,18,87,73,22,90,34,85,55.0,37.0,59.0,69.0,60.0,56.0,10,27,75,44,23,60,54,17,49,68,23,UG
60,22,99,70,28,18,50,35,31,98,55,57,38,63,47,18,36,61,55.0,70.0,33.0,38.0,49.0,49.0,5,94,9,43,44,66,20,44,86,30,91,MY
58,41,4,15,69,28,18,12,79,44,83,14,74,16,4,62,74,2,37.0,47.0,34.0,46.0,31.0,39.0,40,69,42,97,78,56,98,66,80,60,21,MX
72,94,87,65,76,51,34,14,2,48,54,16,32,57,17,76,91,8,78.0,39.0,25.0,58.0,35.0,47.0,7,54,69,80,42,38,42,39,69,75,8,IL
44,25,80,72,86,57,29,18,24,89,95,85,86,96,33,77,38,32,61.0,89.0,32.0,49.0,71.0,60.4,60,89,58,41,4,36,91,98,63,23,63,FR
94,57,94,77,73,65,74,39,73,37,57,40,18,84,55,97,92,61,79.0,44.0,62.0,83.0,52.0,64.0,59,84,42,84,23,31,20,79,44,69,33,IO
47,79,41,74,50,82,49,100,29,36,68,39,63,90,33,97,83,33,58.0,47.0,65.0,71.0,62.0,60.6,60,4,83,1,32,69,15,48,72,4,20,SH
34,42,52,60,47,14,67,20,15,93,64,29,41,59,10,75,5,100,47.0,62.0,29.0,60.0,36.0,46.8,50,40,75,77,66,29,11,35,75,50,54,FI
44,34,67,55,44,88,61,43,43,3,99,91,53,33,54,79,74,63,48.0,64.0,58.0,72.0,46.0,57.6,28,41,37,95,86,46,20,63,89,62,69,FJ
58,57,2,59,38,8,65,70,14,4,34,29,89,13,37,23,69,34,42.0,22.0,39.0,42.0,46.0,38.2,26,7,62,100,31,24,64,75,87,7,66,FK
38,66,93,15,16,17,74,24,65,91,37,56,43,29,1,26,38,14,45.0,61.0,45.0,26.0,57.0,46.8,93,50,15,42,79,80,19,53,20,69,40,FM
35,80,63,90,10,9,30,40,91,97,56,52,70,30,8,80,85,2,55.0,68.0,42.0,55.0,36.0,51.2,40,84,92,94,65,93,37,58,66,63,16,FO
3,57,76,9,94,61,87,67,18,26,9,23,67,22,72,51,22,23,47.0,19.0,58.0,32.0,53.0,41.8,48,59,31,4,82,56,73,35,49,83,3,NI
89,1,45,22,65,24,63,22,66,60,87,36,99,97,44,4,98,57,64.0,61.0,43.0,53.0,80.0,60.2,42,53,23,48,82,38,57,67,57,98,88,NL
66,56,31,21,30,42,66,60,32,72,44,46,60,54,32,72,83,54,40.0,54.0,50.0,69.0,48.0,52.2,95,1,57,61,80,17,19,96,16,0,1,NO
97,58,61,88,90,82,92,49,60,21,49,87,95,44,90,1,40,12,78.0,52.0,70.0,50.0,76.0,65.2,32,34,8,33,22,67,88,48,98,62,38,NA
29,4,89,40,90,64,77,51,62,45,32,19,43,46,47,65,82,21,50.0,32.0,63.0,56.0,45.0,49.2,8,49,18,16,0,38,20,83,66,27,42,VU
13,39,94,3,32,39,91,33,72,93,13,86,57,54,42,81,94,40,36.0,64.0,58.0,71.0,51.0,56.0,28,4,76,35,4,9,87,23,65,1,82,NC
80,40,27,9,34,56,55,21,25,41,53,62,37,0,13,93,87,80,38.0,52.0,39.0,86.0,16.0,46.2,66,88,36,57,54,62,65,1,48,88,41,NE
71,97,65,80,38,68,81,66,97,0,3,28,51,68,36,97,26,21,70.0,10.0,78.0,48.0,51.0,51.4,66,25,27,75,36,100,68,43,4,20,54,NF
36,22,46,84,88,61,96,2,81,31,24,16,24,37,31,82,44,0,55.0,23.0,60.0,42.0,30.0,42.0,48,20,41,50,7,69,24,94,99,58,61,NZ
74,29,54,94,5,47,9,63,97,57,63,54,100,35,65,48,0,25,51.0,58.0,54.0,24.0,66.0,50.6,99,62,91,6,54,99,37,32,63,5,93,NP
74,97,22,74,1,16,41,60,31,97,9,46,45,8,2,24,39,67,73.0,50.0,37.0,43.0,18.0,44.2,64,39,99,26,1,91,86,83,8,7,74,NR
91,76,39,16,98,41,43,94,47,42,34,25,0,76,66,30,78,1,64.0,33.0,56.0,69.0,47.0,53.8,83,71,85,99,98,69,41,86,63,66,68,NU
0,37,55,66,10,8,13,11,27,35,70,95,92,15,85,17,51,82,33.0,66.0,14.0,50.0,64.0,45.4,93,89,62,61,72,87,41,3,87,27,11,CK
96,2,29,25,41,70,74,28,58,93,66,86,25,88,31,32,4,42,38.0,81.0,57.0,26.0,48.0,50.0,73,91,94,54,51,98,52,14,88,62,9,CI
94,66,86,16,18,54,59,69,14,10,67,65,24,15,42,18,60,31,56.0,47.0,49.0,36.0,27.0,43.0,57,16,93,9,66,49,3,10,33,42,51,CH
11,26,16,94,94,97,33,16,29,10,66,79,2,0,50,11,6,23,48.0,51.0,43.0,13.0,17.0,34.4,30,14,95,96,32,54,33,44,86,12,16,CO
36,36,17,94,80,60,13,99,74,21,100,3,38,72,21,74,94,8,52.0,41.0,61.0,58.0,43.0,51.0,85,2,43,56,96,71,66,83,52,20,51,CN
64,19,63,100,35,39,15,86,15,91,38,64,94,20,86,32,40,25,56.0,64.0,38.0,32.0,66.0,51.2,4,97,98,33,80,11,87,32,47,53,71,CM
8,35,18,84,41,68,62,61,33,27,34,42,49,19,33,100,12,79,37.0,34.0,56.0,63.0,33.0,44.6,51,83,79,0,99,41,81,96,78,59,39,CC
99,25,30,10,52,13,6,76,5,7,45,63,95,37,49,4,10,73,43.0,38.0,25.0,29.0,60.0,39.0,56,82,78,9,24,90,20,97,57,91,9,CA
72,86,61,25,37,93,61,42,93,29,5,28,61,16,10,20,65,77,56.0,20.0,72.0,54.0,29.0,46.2,18,96,53,50,47,16,34,92,58,45,76,CG
19,56,22,44,100,81,90,29,6,42,91,51,61,69,100,79,7,39,48.0,61.0,51.0,41.0,76.0,55.4,77,100,19,28,92,40,56,100,73,45,47,CF
97,8,12,14,8,51,15,8,4,2,100,62,72,65,91,86,19,38,27.0,54.0,19.0,47.0,76.0,44.6,89,19,55,78,47,16,24,38,49,26,2,CD
69,27,57,7,31,17,16,67,28,37,9,27,76,60,25,49,70,93,38.0,24.0,32.0,70.0,53.0,43.4,58,46,71,56,39,51,74,88,29,39,55,CZ
0,27,87,12,79,97,10,28,0,70,99,50,7,93,20,78,69,29,41.0,73.0,33.0,58.0,40.0,49.0,43,21,10,22,7,40,39,81,62,86,59,CY
67,55,71,100,6,89,70,66,18,56,46,63,37,90,82,64,67,54,59.0,55.0,60.0,61.0,69.0,60.8,82,100,41,83,90,87,57,97,27,23,60,CX
62,51,21,4,5,37,43,19,39,58,86,34,6,79,98,1,51,84,28.0,59.0,34.0,78.0,61.0,52.0,59,57,0,24,96,39,61,27,93,48,70,CR
79,99,69,100,61,95,7,8,3,48,33,39,91,77,76,49,100,91,81.0,40.0,28.0,80.0,81.0,62.0,40,72,27,53,39,30,99,20,55,89,73,CW
85,30,6,44,20,1,89,47,47,87,26,5,32,38,70,62,87,90,37.0,39.0,70.0,79.0,46.0,54.2,80,27,33,58,85,23,86,70,43,6,36,CV
20,16,91,71,36,23,57,81,61,0,67,15,67,78,44,13,4,67,46.0,27.0,55.0,28.0,63.0,43.8,3,74,53,95,58,60,100,55,67,57,8,CU
42,11,87,89,76,7,98,22,69,9,45,90,66,6,32,55,100,46,61.0,48.0,49.0,67.0,34.0,51.8,99,95,63,78,38,37,14,85,6,31,60,SZ
47,2,96,63,89,87,0,83,45,36,92,63,78,95,21,75,67,46,59.0,63.0,53.0,62.0,64.0,60.2,15,52,5,26,42,19,100,36,97,75,52,SY
36,32,50,13,11,92,34,84,48,13,71,74,8,42,28,25,14,65,28.0,52.0,64.0,34.0,26.0,40.8,25,44,74,20,24,33,53,38,57,42,24,SX
64,82,71,42,21,53,66,74,68,36,54,6,4,75,0,82,28,94,56.0,32.0,65.0,68.0,26.0,49.4,37,11,0,92,54,74,16,13,45,85,80,KG
8,92,68,27,17,24,74,95,75,85,98,40,16,96,23,64,47,22,42.0,74.0,67.0,44.0,45.0,54.4,52,25,14,34,80,42,86,63,73,76,85,KE
83,66,72,46,25,9,87,25,93,15,77,8,95,79,59,59,41,95,58.0,33.0,53.0,65.0,77.0,57.2,38,94,24,19,70,96,37,82,44,9,43,SS
79,41,37,11,92,65,90,33,80,53,47,55,23,94,93,86,43,13,52.0,51.0,67.0,47.0,70.0,57.4,35,81,14,43,27,16,11,84,69,90,83,SR
94,62,28,6,62,96,63,36,90,73,69,60,59,33,78,87,24,68,50.0,67.0,71.0,59.0,56.0,60.6,46,25,21,3,69,62,90,89,48,28,2,KI
82,67,94,44,98,47,89,44,17,68,63,100,23,89,81,33,40,3,77.0,77.0,49.0,25.0,64.0,58.4,5,97,24,81,59,94,90,49,4,14,65,KH
18,100,51,81,42,89,15,2,12,97,71,81,100,1,99,33,71,51,58.0,83.0,29.0,51.0,99.0,64.0,46,41,34,85,13,86,38,60,53,1,66,KN
21,32,83,41,51,17,25,42,53,7,20,53,80,24,93,73,47,14,45.0,26.0,34.0,44.0,65.0,42.8,29,66,21,60,9,5,32,45,57,72,68,KM
24,8,87,25,88,25,31,55,50,37,64,21,70,20,73,79,90,25,46.0,40.0,40.0,64.0,54.0,48.8,75,98,73,44,37,49,51,81,19,78,35,ST
22,78,39,53,60,35,22,44,14,24,22,44,20,86,93,95,36,75,50.0,30.0,28.0,68.0,66.0,48.4,39,70,4,64,90,92,89,34,23,92,34,SK
58,12,61,73,33,90,95,97,89,70,71,20,2,97,86,42,9,91,47.0,53.0,92.0,47.0,61.0,60.0,97,85,81,40,14,17,33,88,22,56,75,KR
45,93,55,7,9,12,38,95,31,33,15,41,11,19,67,60,90,22,41.0,29.0,44.0,57.0,32.0,40.6,91,99,33,32,8,87,28,79,50,97,68,SI
24,69,52,6,85,19,6,86,75,22,23,11,76,80,41,61,78,38,47.0,18.0,46.0,59.0,65.0,47.0,84,97,91,19,49,62,81,10,42,75,38,KP
22,52,62,36,94,85,100,0,5,24,27,62,7,13,25,48,66,9,53.0,37.0,47.0,41.0,15.0,38.6,33,7,9,83,23,14,46,21,65,49,87,KW
99,28,84,30,65,47,98,40,57,3,91,77,51,39,38,56,95,4,61.0,57.0,60.0,51.0,42.0,54.2,41,53,22,46,61,46,11,86,98,67,66,SN
64,40,33,6,94,79,99,51,33,52,15,29,74,75,100,80,81,26,47.0,32.0,65.0,62.0,83.0,57.8,19,81,42,62,18,14,28,69,32,36,60,SM
8,42,91,57,96,9,34,85,65,94,74,81,66,13,38,24,72,6,58.0,83.0,48.0,34.0,39.0,52.4,45,24,25,29,22,55,74,41,61,62,53,SL
70,15,21,50,77,23,9,11,19,100,82,1,66,14,96,6,18,85,46.0,94.0,15.0,36.0,58.0,49.8,36,31,68,12,84,90,47,17,56,31,76,SC
3,31,99,60,49,64,74,60,4,7,39,64,45,2,58,57,13,4,48.0,36.0,50.0,24.0,35.0,38.6,2,98,52,18,26,78,20,52,36,83,35,KZ
29,70,22,65,44,85,58,19,98,79,6,0,31,82,97,83,8,12,46.0,28.0,65.0,34.0,70.0,48.6,81,76,24,21,76,50,10,45,76,88,19,KY
54,97,78,23,87,78,52,72,27,61,91,5,40,75,96,60,100,54,67.0,52.0,57.0,71.0,70.0,63.4,5,64,86,9,81,60,17,16,95,67,12,SG
29,77,31,44,33,49,31,41,74,10,69,31,88,10,59,1,31,40,42.0,36.0,48.0,57.0,52.0,47.0,47,97,87,62,49,52,70,19,86,84,66,SE
54,74,75,74,11,16,26,41,13,16,19,59,72,4,61,73,50,20,57.0,31.0,24.0,47.0,45.0,40.8,86,19,1,68,88,61,26,45,55,48,14,SD
15,25,6,65,86,74,15,55,48,14,23,6,41,21,78,62,91,40,39.0,14.0,48.0,64.0,46.0,42.2,73,94,52,68,71,10,54,97,31,15,9,DO
10,73,59,39,55,43,82,73,92,83,18,53,10,92,20,32,83,1,47.0,51.0,72.0,71.0,40.0,56.2,15,68,41,12,93,2,73,43,11,54,19,DM
80,98,41,75,34,46,26,20,0,71,7,28,23,55,92,60,70,99,65.0,35.0,23.0,76.0,56.0,51.0,77,1,25,9,25,80,37,39,28,84,8,DJ
71,95,76,21,73,14,42,96,13,8,26,68,77,53,27,65,69,95,67.0,34.0,41.0,76.0,52.0,54.0,76,5,8,16,4,10,90,22,20,54,96,DK
16,44,47,45,30,58,62,72,92,54,70,23,2,87,63,40,61,33,36.0,49.0,71.0,44.0,50.0,50.0,95,3,73,62,58,63,37,68,48,64,68,VG
56,60,19,56,82,97,83,25,94,99,6,41,44,10,55,99,10,83,54.0,48.0,74.0,64.0,36.0,55.2,43,52,17,60,49,10,87,9,47,26,58,DE
20,46,28,31,0,60,25,32,73,24,7,41,81,56,15,67,99,10,25.0,24.0,47.0,58.0,50.0,40.8,46,98,78,96,13,92,22,91,74,25,68,YE
19,23,0,33,9,64,17,37,49,85,27,50,1,3,41,49,25,31,16.0,54.0,41.0,35.0,48.0,38.8,65,18,78,33,43,29,57,31,29,25,74,DZ
4,39,78,91,17,6,27,20,58,18,86,9,44,14,61,99,76,61,45.0,37.0,27.0,78.0,39.0,45.2,5,27,29,59,63,7,46,85,58,48,33,US
2,21,93,91,22,45,4,100,99,30,10,86,3,60,47,21,83,48,45.0,42.0,62.0,50.0,36.0,47.0,74,19,51,6,93,89,31,95,63,55,53,UY
19,75,99,83,71,6,18,23,89,63,89,61,31,63,89,62,52,82,69.0,71.0,34.0,65.0,61.0,60.0,17,27,34,17,15,32,94,66,9,46,88,YT
23,77,45,73,91,73,9,23,19,52,18,76,33,41,34,23,81,53,61.0,48.0,31.0,52.0,36.0,45.6,77,55,10,85,26,27,59,1,82,71,87,LB
68,48,79,87,76,32,94,4,76,70,51,34,76,33,68,100,2,67,71.0,51.0,51.0,56.0,59.0,57.6,18,72,64,29,36,22,58,48,58,56,83,LC
2,50,37,89,58,4,59,17,99,75,17,32,38,30,43,4,12,59,47.0,41.0,44.0,25.0,37.0,38.8,54,16,10,72,15,93,45,42,43,50,95,LA
53,30,8,94,79,82,76,95,10,48,29,28,98,1,19,26,7,20,52.0,35.0,65.0,17.0,72.0,48.2,85,12,33,74,26,31,44,84,11,64,13,TV
45,55,13,29,75,84,94,53,16,78,22,29,49,67,51,69,93,59,43.0,43.0,61.0,73.0,55.0,55.0,9,31,82,73,75,17,62,83,20,97,25,TW
91,38,37,4,68,10,44,43,11,96,68,58,95,66,9,66,73,95,47.0,74.0,27.0,78.0,56.0,56.4,30,84,2,83,31,75,88,69,64,95,98,TT
16,9,77,43,14,67,64,51,18,67,3,36,99,95,84,16,53,64,31.0,35.0,50.0,44.0,92.0,50.4,50,98,39,27,87,14,72,6,50,56,40,TR
90,59,0,79,75,29,70,94,81,17,28,15,79,4,26,15,88,33,60.0,20.0,68.0,45.0,36.0,45.8,94,91,26,23,70,43,10,21,16,64,93,LK
28,61,69,14,48,74,9,68,31,31,78,91,98,37,72,29,3,10,44.0,66.0,45.0,14.0,69.0,47.6,20,94,28,95,29,20,22,53,40,97,61,LI
2,80,94,49,45,16,73,16,42,28,6,59,23,42,21,73,24,42,54.0,31.0,36.0,46.0,28.0,39.0,36,43,20,1,21,3,27,39,69,90,28,LV
81,98,49,8,21,65,87,8,59,66,20,85,75,99,80,47,55,97,51.0,57.0,54.0,66.0,84.0,62.4,67,25,22,52,100,69,18,96,85,83,39,TO
9,64,89,79,5,29,78,15,84,15,36,14,2,41,97,48,44,66,49.0,21.0,51.0,52.0,46.0,43.8,70,9,27,1,70,43,41,76,8,45,30,LT
34,58,0,80,95,73,40,71,46,98,56,89,73,65,73,48,51,9,53.0,81.0,57.0,36.0,70.0,59.4,11,84,28,64,20,4,82,82,67,42,46,LU
65,4,9,17,48,29,21,84,71,56,61,53,75,70,72,31,89,89,28.0,56.0,51.0,69.0,72.0,55.2,74,1,15,30,93,51,75,9,9,88,78,LR
76,90,28,60,72,80,30,89,38,66,97,6,45,75,47,38,17,85,65.0,56.0,59.0,46.0,55.0,56.2,60,7,47,51,52,53,27,97,66,57,60,LS
53,43,17,20,50,1,51,70,84,35,70,81,25,22,73,65,49,46,36.0,62.0,76.0,53.0,40.0,53.4,27,46,0,27,11,48,8,41,7,45,61,TH
89,82,87,26,67,84,75,50,37,82,79,38,75,96,69,32,65,85,70.0,66.0,61.0,60.0,80.0,67.4,7,66,74,41,60,83,49,83,26,89,74,TF
90,54,6,91,25,75,15,49,6,91,37,30,7,57,18,91,63,77,53.0,52.0,36.0,77.0,27.0,49.0,76,74,51,70,56,67,11,2,15,20,39,TG
97,77,3,98,87,74,82,68,91,90,28,68,80,59,47,62,15,63,72.0,62.0,78.0,46.0,62.0,64.0,0,52,80,64,69,44,34,72,16,5,61,TD
16,30,89,32,19,38,33,40,59,79,90,8,87,58,29,100,42,29,37.0,59.0,42.0,57.0,58.0,50.6,74,6,73,14,91,83,76,33,93,95,64,TC
62,44,87,17,64,9,16,70,6,75,100,40,34,16,46,8,43,42,54.0,71.0,25.0,31.0,32.0,42.6,7,29,98,45,56,95,32,27,7,61,68,LY
24,35,0,47,91,88,49,15,13,53,99,0,33,41,11,24,29,5,39.0,50.0,41.0,19.0,28.0,35.4,100,1,21,83,76,89,22,49,10,25,28,VA
81,6,89,10,92,31,72,47,57,75,25,71,7,20,45,58,63,16,55.0,57.0,51.0,45.0,24.0,46.4,65,66,90,30,60,73,93,23,89,65,79,VC
69,87,29,67,28,62,45,28,61,96,88,84,0,41,8,89,72,86,56.0,89.0,49.0,82.0,16.0,58.4,73,65,91,26,31,96,12,79,55,55,52,AE
13,93,66,59,88,57,51,64,34,90,29,87,88,10,31,15,81,76,63.0,68.0,51.0,57.0,43.0,56.4,94,33,76,26,74,38,38,99,53,6,89,AD
12,91,32,3,62,13,99,16,46,88,30,48,83,21,32,36,28,5,40.0,55.0,43.0,23.0,45.0,41.2,7,68,22,40,73,35,87,91,96,35,31,AG
99,10,28,28,10,57,83,90,72,58,90,85,5,73,6,99,97,98,35.0,77.0,75.0,98.0,28.0,62.6,99,89,92,56,65,26,58,88,100,75,75,AF
86,94,88,82,35,91,23,68,93,9,39,76,2,68,44,31,9,2,77.0,41.0,68.0,14.0,38.0,47.6,17,76,38,90,17,18,5,90,99,63,79,AI
6,26,14,42,1,18,44,85,16,71,8,12,33,36,27,90,8,86,37.0,30.0,40.0,61.0,32.0,40.0,93,21,14,100,77,30,44,18,75,97,14,VI
24,42,45,60,81,26,10,69,1,86,63,30,39,60,55,81,100,15,50.0,59.0,51.0,65.0,51.0,55.2,46,86,73,24,90,41,48,18,36,80,41,IS
80,22,82,95,30,13,60,6,52,77,48,41,64,94,4,96,6,2,61.0,55.0,32.0,34.0,54.0,47.2,100,58,57,54,66,34,83,45,88,68,19,IR
61,79,82,13,79,12,47,37,61,59,16,88,75,84,98,52,5,33,62.0,54.0,39.0,30.0,85.0,54.0,38,24,79,73,40,41,65,98,4,10,48,AM
42,39,37,56,47,76,50,98,29,79,90,41,46,39,64,36,78,58,44.0,70.0,63.0,57.0,49.0,56.6,4,58,16,4,27,87,48,61,75,41,11,AL
1,58,75,51,48,60,45,77,45,3,32,43,26,71,11,2,74,89,66.0,26.0,56.0,55.0,36.0,47.8,95,33,93,22,14,34,31,57,0,6,93,AO
67,77,9,98,17,53,30,71,38,76,50,17,34,36,55,38,96,52,53.0,47.0,48.0,62.0,41.0,50.2,62,23,76,57,35,57,2,22,21,12,38,AN
34,7,78,83,5,6,80,59,25,69,65,65,55,97,21,41,43,27,41.0,66.0,42.0,37.0,57.0,48.6,81,98,72,55,96,78,20,66,72,69,95,AS
7,22,80,91,95,18,23,83,89,92,87,84,51,25,5,77,52,88,59.0,87.0,53.0,72.0,27.0,59.6,22,95,34,42,46,71,30,54,51,41,22,AR
74,35,47,85,18,16,48,18,13,95,98,44,65,43,15,23,63,38,51.0,79.0,23.0,41.0,41.0,47.0,89,63,0,64,56,96,22,11,85,69,58,AU
83,18,66,91,29,38,83,91,77,53,96,58,55,64,26,30,10,14,57.0,69.0,72.0,18.0,48.0,52.8,23,70,88,60,99,34,14,26,92,33,51,AT
80,91,90,96,76,57,72,52,30,79,7,56,77,74,17,28,59,93,86.0,47.0,52.0,60.0,56.0,60.2,10,14,29,81,82,75,87,86,90,23,45,AW
40,68,74,53,99,48,71,98,83,22,50,30,28,70,29,63,99,67,66.0,34.0,75.0,76.0,42.0,58.6,97,98,59,47,11,23,43,91,10,7,95,IN
58,90,96,96,32,71,32,43,16,76,89,25,87,96,92,52,34,96,74.0,63.0,40.0,60.0,91.0,65.6,90,38,62,13,77,1,25,92,66,79,5,AX
25,57,96,26,53,29,34,31,75,56,39,50,33,45,94,80,9,47,51.0,48.0,42.0,45.0,57.0,48.6,39,86,65,63,17,85,45,23,41,83,9,AZ
64,50,18,51,12,71,88,27,67,19,50,53,8,5,57,15,83,56,39.0,40.0,63.0,51.0,23.0,43.2,2,97,26,26,79,64,66,44,51,83,70,IE
82,99,94,60,94,85,1,75,75,100,53,39,41,28,69,68,15,36,85.0,64.0,83.0,39.0,46.0,63.4,82,5,88,10,79,100,13,2,51,93,7,ID
69,25,44,49,13,99,72,82,85,72,18,6,78,66,59,29,39,55,40.0,32.0,84.0,41.0,67.0,52.8,0,72,86,97,94,93,51,15,70,55,52,UA
28,58,56,96,2,50,36,64,77,6,6,88,25,44,65,71,14,38,48.0,33.0,56.0,41.0,44.0,44.4,53,77,4,78,90,65,13,6,36,87,98,QA
88,61,88,66,17,54,19,37,64,47,47,41,6,75,44,60,25,54,64.0,45.0,43.0,46.0,41.0,47.8,58,8,72,99,26,14,39,49,31,42,52,MZ
